{
  "x": -7.3333335,
  "y": -7.3333335,
  "width": 1706.6666,
  "height": 1018.6667,
  "maximized": true,
  "minimized": false
}